url,text
/vacaturebank/vactekst.html?id=37273,Quality Manager  [hbo/wo] Ausnutria / DUPP - Food Recruitment - Heerenveen
/vacaturebank/vactekst.html?id=37272,Ambitieuze QA Officer [hbo] Verstegen Spices & Sauces / Food Recruitment - Rotterdam Spaanse Polder
/vacaturebank/vactekst.html?id=37166,Accountmanager Foodcoatings [hbo/wo] Royal Koopmans / Nomilk2day - Leeuwarden/home office
/vacaturebank/vactekst.html?id=37164,Kwaliteitsmanager Food [mbo/hbo] Agterberg Vleeswaren / Professionals in Food - Zwanenburg
/vacaturebank/vactekst.html?id=37163,Inkoper Food [mbo/hbo] Deli-Jack / Professionals in Food - Hendrik-Ido-Ambacht
/vacaturebank/vactekst.html?id=37234,Junior Trader Agribusiness [wo] Bunge Amsterdam - Amsterdam
/vacaturebank/vactekst.html?id=37153,Assistent Productcontroleur [mbo] NewForrest - Wijk bij Duurstede
/vacaturebank/vactekst.html?id=37260,Kwaliteitsmedewerker QA/QC Sappen en Smoothies [mbo] Fruity Line / Aeres Agree - Regio: Gelderland
/vacaturebank/vactekst.html?id=37254,Kwaliteitsmedewerker Food [mbo/hbo] Vomar Voordeelmarkt B.V. / Professionals in Food - Alkmaar
/vacaturebank/vactekst.html?id=37253,Manager Bedrijfsbureau Food [hbo/wo] Vomar Voordeelmarkt B.V. / Professionals in Food - Alkmaar
/vacaturebank/vactekst.html?id=37150,Logistiek talent [mbo/hbo] Aeres Agree - regio Friesland
/vacaturebank/vactekst.html?id=37149,Financieringsspecialist Food & Agri [hbo/wo] Rabobank Nijmegen - Nijmegen
/vacaturebank/vactekst.html?id=37258,Accountmanager Regio Noord-West [mbo] Sodastream - Rijen
/vacaturebank/vactekst.html?id=37140,Supply Chain Coördinator [hbo] Emmi Benelux B.V. / FreshRecruitment - Tiel
https://www.foodholland.nl/vacaturebank/vactekst.html?id=37273,
/vacaturebank/vactekst.html?id=37228,Kwaliteitsmanager [hbo/wo] Groenlandkip en Esbro / A-A Recruitment - Bodegraven
/vacaturebank/vactekst.html?id=37231,(Jr.) Medewerker Quality Control [hbo] Hoogesteger B.V. / FreshRecruitment - Zwanenburg (regio Haarlem/Amsterdam)
/vacaturebank/vactekst.html?id=37122,Specificatiebeheerder (32-40 uur) [hbo] NewForrest / Aeres Agree - Wijk bij Duurstede
/vacaturebank/vactekst.html?id=37242,Lead Auditor Food BRC en IFS [hbo/wo] SGS Nederland B.V. - Spijkenisse
/vacaturebank/vactekst.html?id=37241,Auditor vlees & zuivelketens [hbo] SGS Nederland B.V. - Spijkenisse
/vacaturebank/vactekst.html?id=37239,Senior Product Ontwikkelaar [mbo/hbo] Hessing Supervers / Up & Up - Zwaagdijk-Oost
/vacaturebank/vactekst.html?id=37243,Operationeel Planner Verse Groenten [hbo] Ardo B.V. / FreshRecruitment - Zundert (regio Breda/Antwerpen)
/vacaturebank/vactekst.html?id=37111,Maintenance Manager [hbo] QiZiNi / DUPP - Food Recruitment - Losser
/vacaturebank/vactekst.html?id=37233,Applicatietechnoloog Bakkerij [hbo] Dawn Foods / CeresRecruitment bv - Steenbergen
/vacaturebank/vactekst.html?id=37232,(Senior) Procestechnoloog [hbo] Royal Steensma / Nomilk2day - Franeker
/vacaturebank/vactekst.html?id=37109,"Customer Quality Affairs Specialist (0,75 fte) [hbo/wo] Koninklijke Euroma / Aeres Agree - Zwolle"
/vacaturebank/vactekst.html?id=37107,Beoordelaar Kwaliteitssystemen [hbo] Kiwa VERIN - Nieuwegein
/vacaturebank/vactekst.html?id=37100,Hoofd Orderplanning Food [mbo/hbo] Deli-Jack / Professionals in Food - Hendrik-Ido-Ambacht
/vacaturebank/vactekst.html?id=37222,Manager Quality [hbo/wo] Ausnutria / DUPP - Food Recruitment - Kampen
/vacaturebank/vactekst.html?id=37217,"National Accountmanager Retail [hbo] Andros Nederland BV / CeresRecruitment bv - Rotterdam, je werkgebied is Nederland"
https://www.foodholland.nl/vacaturebank/vactekst.html?id=37231,
/vacaturebank/vactekst.html?id=37211,"Senior Kwaliteitscoördinator [hbo] 2 Sisters Storteboom Kornhorn B.V. / FreshRecruitment - Kornhorn (Gr). Goed bereikbaar vanuit o.a. Groningen, Heerenveen, Drachten en Leeuwarden"
/vacaturebank/vactekst.html?id=37084,Manager Productontwikkeling [hbo] Boboli Benelux BV / DUPP - Food Recruitment - Bunschoten
/vacaturebank/vactekst.html?id=37199,Accountmanager Voedingsindustrie [hbo/wo] Professionals in Food - Heel Nederland
/vacaturebank/vactekst.html?id=37198,Production Manager [hbo] Snel groeiende food producent / BEACH Food Recruitment - regio Eindhoven
/vacaturebank/vactekst.html?id=37074,Plant Manager [hbo/wo] Denkavit - Voorthuizen
/vacaturebank/vactekst.html?id=37187,Manager Kwaliteit [hbo] Bouwhuis Enthoven BV / DUPP - Food Recruitment - Raalte
/vacaturebank/vactekst.html?id=37184,Key Account Manager Premium Brands België [hbo/wo] Emmi Benelux B.V. / FreshRecruitment - Home office. 1x per week in Tiel
/vacaturebank/vactekst.html?id=37177,Manager Binnendienst [hbo/wo] Kiwa VERIN - Nieuwegein
/vacaturebank/vactekst.html?id=37181,Operational Manager [mbo/hbo] Favorita Europe B.V. / Bruins Recruitment - Rotterdam
/vacaturebank/vactekst.html?id=37180,Plant Manager [hbo/wo] Ausnutria Heerenveen / DUPP - Food Executive Search - Heerenveen
/vacaturebank/vactekst.html?id=37179,QESH Manager [hbo/wo] Mondi / DUPP - Food Recruitment - Maastricht
/vacaturebank/vactekst.html?id=37178,National Account Manager [hbo] Jamael Food Group / DUPP - Food Recruitment - Apeldoorn
/vacaturebank/vactekst.html?id=37063,Accountmanager MKB Food & Agri [hbo] Rabobank Specialistenbank Midden Nederland - Barneveld
/vacaturebank/vactekst.html?id=37059,Medior Consultant QA [hbo/wo] KTBA - diverse regio's in Nederland
/vacaturebank/vactekst.html?id=37020,Lead Auditor Certificering Zuivel [hbo/wo] Qlip B.V. - Nederland
/vacaturebank/vactekst.html?id=37175,"QA Implementatie Consultant (HBO/WO) [hbo/wo] Normec CareNet Online / Professionals in Food - Heel Nederland, Nederland"
https://www.foodholland.nl/vacaturebank/vactekst.html?id=37084,
/vacaturebank/vactekst.html?id=37174,In- en verkoper AGF [mbo/hbo] Aeres Agree
/vacaturebank/vactekst.html?id=37039,Category Buyer [hbo/wo] Koninklijke Euroma B.V. / Nomilk2day BV - Zwolle
/vacaturebank/vactekst.html?id=37170,Specialist Transport en Logistiek Zuivel [hbo] Solide internationale handelsonderneming in zuivelgrondstoffen / Bruins Recruitment
/vacaturebank/vactekst.html?id=37169,Manager SHE [hbo/wo] FrieslandCampina / Nomilk2day - Beilen
/vacaturebank/vactekst.html?id=37042,QA-Coördinator [hbo] J.S. POLAK Koninklijke Specerijenmaalderij b.v. / Aeres Agree - Steenwijk
https://www.foodholland.nl/vacaturebank/vactekst.html?id=37174,
